{
	"author": [
		"aikaterna"
	],
	"description": "Cards Against Humanity, played in DMs.",
    "install_msg": "Warning: This cog can send a lot of DMs, and the bot can become rate limited. Be warned that installing this cog on a bot with a lot of users or servers might be detrimental to the bot's performance. Thanks for installing, have fun.",
    "permissions" : [
		"embed_links",
		"manage_roles"
	],
	"short": "Cards Against Humanity.",
	"tags": [
		"CAH",
        "cards",
        "games"
	],
	"type": "COG"
}
