{
	"author": [
		"aikaterna"
	],
	"description": "Blurplefy a user profile picture or image. Admins can configure an awardable role if a user's profile pic has more than a certain percentage of blurple in it.",
    "install_msg": "Thanks for installing, have fun.",
    "permissions" : [
		"embed_links",
		"manage_roles"
	],
	"requirements": [
		"pillow==5.2.0",
		"python-resize-image"
	],
	"short": "Blurplefy a user profile picture or image.",
	"tags": [
		"blurple",
        "image",
        "profile"
	],
	"type": "COG"
}